uniprot_id	gene_name	protein_name	curated_location	shan_location	shan	hpa_enhanced	hpa_supported	humancellmap	cdcode_nucleolus_(conf)	new_confidence_score
Q9NY61	AATF	Protein AATF	GC		False	False	True	True	True (2)	3
Q96IU4	ABHD14B	Putative protein-lysine deacylase ABHD14B	GC	GC	True	False	True	False	False	2
P61160	ACTR2	Actin-related protein 2	GC		False	False	True	False	True (1)	2
P55265	ADAR	Double-stranded RNA-specific adenosine deaminase	GC		False	True	False	True	True (2)	3
Q9NS39	ADARB2	Inactive double-stranded RNA-specific editase B2	GC	GC	True	False	False	False	True (2)	2
Q8WTP8	AEN	Apoptosis-enhancing nuclease	GC		False	False	True	False	True (1)	2
Q9UBZ4	APEX2	DNA-(apurinic or apyrimidinic site) endonuclease 2	GC	GC	True	False	True	False	False	2
Q7Z2E3	APTX	Aprataxin	GC		False	False	True	False	True (1)	2
Q14692	BMS1	Ribosome biogenesis protein BMS1 homolog	GC		False	True	False	True	True (2)	3
Q14137	BOP1	Ribosome biogenesis protein BOP1	GC	GC	True	True	False	True	True (2)	4
Q8TDN6	BRIX1	Ribosome biogenesis protein BRX1 homolog	GC	GC	True	True	False	False	True (2)	3
O43709	BUD23	18S rRNA (guanine-N(7))-methyltransferase	GC		False	False	True	False	True (2)	2
Q13895	BYSL	Bystin	GC	GC	True	True	False	False	True (2)	3
Q96C57	C12ORF43 (CUSTOS)	Protein CUSTOS	GC	GC	True	True	False	True	True (2)	4
Q9UNZ5	C19ORF53	Leydig cell tumor 10 kDa protein homolog	GC	GC	True	False	False	False	True (2)	2
Q13901	C1D	Nuclear nucleic acid-binding protein C1D	GC		False	False	True	False	True (1)	2
Q6PK04	CCDC137	Coiled-coil domain-containing protein 137	GC		False	False	True	True	True (1)	3
Q53HL2	CDCA8	Borealin	GC	GC	True	False	True	False	True (1)	3
P50613	CDK7	Cyclin-dependent kinase 7	FC/DFC		False	False	True	False	True (2)	2
P42771	CDKN2A	Cyclin-dependent kinase inhibitor 2A	GC	GC	True	False	False	False	True (1)	2
Q03701	CEBPZ	CCAAT/enhancer-binding protein zeta	FC/DFC		False	False	False	True	True (2)	2
Q12873	CHD3	ATP-dependent chromatin remodeler CHD3	GC		False	False	True	False	True (2)	2
Q9P2D1	CHD7	ATP-dependent chromatin remodeler CHD7	GC		False	False	True	False	True (1)	2
Q9BQ75	CMSS1	Protein CMSS1	GC	GC	True	False	False	True	True (2)	3
P38432	COIL	Coilin	FC/DFC		False	False	True	True	True (2)	3
P67870	CSNK2B	Casein kinase II subunit beta	FC/DFC		False	False	True	False	True (1)	2
Q9NTM9	CUTC	Copper homeostasis protein cutC homolog	GC		False	True	False	False	True (1)	2
Q9NV06	DCAF13	DDB1- and CUL4-associated factor 13	GC		False	False	True	False	True (4)	2
Q96FC9	DDX11	ATP-dependent DNA helicase DDX11	GC		False	True	False	False	True (1)	2
Q92841	DDX17	Probable ATP-dependent RNA helicase DDX17	GC	GC	True	False	False	False	True (2)	2
Q9NVP1	DDX18	ATP-dependent RNA helicase DDX18	GC	GC	True	True	False	True	True (2)	4
Q9BUQ8	DDX23	Probable ATP-dependent RNA helicase DDX23	GC		False	False	True	False	True (2)	2
Q9GZR7	DDX24	ATP-dependent RNA helicase DDX24	GC	GC	True	False	False	True	True (2)	3
Q96GQ7	DDX27	Probable ATP-dependent RNA helicase DDX27	GC	GC	True	False	False	True	True (2)	3
Q9Y2R4	DDX52	Probable ATP-dependent RNA helicase DDX52	GC		False	False	True	True	True (2)	3
Q8TDD1	DDX54	ATP-dependent RNA helicase DDX54	GC		False	False	False	True	True (2)	2
Q8NHQ9	DDX55	ATP-dependent RNA helicase DDX55	GC		False	True	False	True	True (1)	3
Q9NY93	DDX56	Probable ATP-dependent RNA helicase DDX56	GC	GC	True	False	True	True	True (2)	4
O43143	DHX15	ATP-dependent RNA helicase DHX15	FC/DFC	DFC	True	False	False	False	True (2)	2
Q9H6R0	DHX33	ATP-dependent RNA helicase DHX33	GC		False	True	False	True	True (2)	3
Q68CQ4	DIEXF (UTP25)	U3 small nucleolar RNA-associated protein 25 homolog	FC/DFC		False	False	False	True	True (1)	2
Q8NDF8	PAPD5 (TENT4B)	Terminal nucleotidyltransferase 4B	FC/DFC		False	False	False	True	True (1)	2
Q9UNQ2	DIMT1	Dimethyladenosine transferase	GC	GC	True	False	True	False	True (2)	3
O60832	DKC1	H/ACA ribonucleoprotein complex subunit DKC1	FC/DFC	DFC	True	False	True	True	True (2)	4
Q5F1R6	DNAJC21	DnaJ homolog subfamily C member 21	GC		False	False	True	False	True (1)	2
Q5QJE6	DNTTIP2	Deoxynucleotidyltransferase terminal-interacting protein 2	GC	GC	True	False	True	True	True (1)	4
Q99848	EBNA1BP2	Probable rRNA-processing protein EBP2	GC	GC	True	True	False	True	True (2)	4
O60869	EDF1	Endothelial differentiation-related factor 1	GC		False	False	True	False	True (2)	2
P29692	EEF1D	Elongation factor 1-delta	FC/DFC		False	False	True	False	True (1)	2
P56537	EIF6	Eukaryotic translation initiation factor 6	GC	GC	True	False	False	False	True (2)	2
Q15717	ELAVL1	ELAV-like protein 1	GC		False	False	True	False	True (2)	2
Q14241	ELOA	Elongin-A	FC/DFC		False	False	False	True	True (2)	2
Q9H501	ESF1	ESF1 homolog	GC		False	False	False	True	True (2)	2
Q01780	EXOSC10	Exosome complex component 10	GC	GC	True	False	True	True	True (2)	4
Q13868	EXOSC2	Exosome complex component RRP4	GC		False	False	True	False	True (2)	2
Q9NQT4	EXOSC5	Exosome complex component RRP46	GC		False	True	False	False	True (2)	2
Q15024	EXOSC7	Exosome complex component RRP42	GC	GC	True	False	False	False	True (2)	2
Q96B26	EXOSC8	Exosome complex component RRP43	FC/DFC		False	False	True	False	True (2)	2
Q06265	EXOSC9	Exosome complex component RRP45	GC	GC	True	True	False	True	True (2)	4
Q5BKY9	FAM133B	Protein FAM133B	GC		False	True	False	False	True (1)	2
Q9Y421	FAM32A	Protein FAM32A	GC	GC	True	False	True	True	False	3
P22087	FBL	rRNA 2'-O-methyltransferase fibrillarin	FC/DFC	DFC	True	False	True	True	True (5)	4
P39748	FEN1	Flap endonuclease 1	GC		False	False	True	False	True (2)	2
Q6ZUU3	FOXL2NB	FOXL2 neighbor protein	GC	GC	True	True	False	False	False	2
Q9NY12	GAR1	H/ACA ribonucleoprotein complex subunit 1	FC/DFC	DFC	True	False	True	False	True (2)	3
Q9NVN8	GNL3L	Guanine nucleotide-binding protein-like 3-like protein	GC		False	False	True	True	True (2)	3
Q5T3I0	GPATCH4	G patch domain-containing protein 4	GC		False	True	False	True	True (1)	3
Q9BQ67	GRWD1	Glutamate-rich WD repeat-containing protein 1	GC	GC	True	True	False	False	True (2)	3
Q9BZE4	GTPBP4	GTP-binding protein 4	GC	GC	True	True	False	True	True (2)	4
Q9H116	GZF1	GDNF-inducible zinc finger protein 1	GC		False	False	True	False	True (1)	2
Q9H583	HEATR1	HEAT repeat-containing protein 1	FC/DFC		False	True	False	True	True (2)	3
P26583	HMGB2	High mobility group protein B2	GC		False	False	True	False	True (1)	2
O15347	HMGB3	High mobility group protein B3	GC		False	False	True	False	True (1)	2
Q16666	IFI16	Gamma-interferon-inducible protein 16	GC		False	False	True	False	True (1)	2
Q12906	ILF3	Interleukin enhancer-binding factor 3	GC		False	False	True	False	True (2)	2
Q9NV31	IMP3	U3 small nucleolar ribonucleoprotein protein IMP3	GC	GC	True	False	True	True	True (2)	4
Q96G21	IMP4	U3 small nucleolar ribonucleoprotein protein IMP4	GC		False	True	False	False	True (2)	2
Q9C086	INO80B	INO80 complex subunit B	GC		False	False	True	False	True (1)	2
Q6PI98	INO80C	INO80 complex subunit C	GC	GC	True	False	True	False	False	2
Q1ED39	KNOP1	Lysine-rich nucleolar protein 1	FC/DFC	DFC	True	True	False	True	True (1)	4
Q8N9T8	KRI1	Protein KRI1 homolog	GC		False	True	False	True	True (1)	3
Q4G0J3	LARP7	La-related protein 7	FC/DFC		False	False	False	True	True (1)	2
Q9Y4W2	LAS1L	Ribosomal biogenesis protein LAS1L	FC/DFC		False	False	False	True	True (1)	2
Q6ZN17	LIN28B	Protein lin-28 homolog B	GC	GC	True	False	True	False	True (1)	3
Q9BRT6	LLPH	Protein LLP homolog	GC	GC	True	True	False	True	True (2)	4
Q9NX58	LYAR	Cell growth-regulating nucleolar protein	FC/DFC	DFC	True	True	False	True	True (2)	4
Q9BXY0	MAK16	Protein MAK16 homolog	GC	GC	True	False	True	True	True (1)	4
P33993	MCM7	DNA replication licensing factor MCM7	GC	GC	True	False	False	False	True (2)	2
Q9NU22	MDN1	Midasin	GC		False	False	True	False	True (2)	2
Q99547	MPHOSPH6	M-phase phosphoprotein 6	GC		False	False	True	False	True (2)	2
Q9UKD2	MRTO4	mRNA turnover protein 4 homolog	GC		False	False	True	False	True (1)	2
Q96NY9	MUS81	Structure-specific endonuclease subunit MUS81	GC	GC	True	False	True	False	True (1)	3
Q9BQG0	MYBBP1A	Myb-binding protein 1A	GC	GC	True	False	True	True	True (1)	4
Q9H0A0	NAT10	RNA cytidine acetyltransferase	GC		False	True	False	True	True (2)	3
Q6NW34	NEPRO (RMP64)	Ribonuclease MRP subunit P64	GC		False	False	True	True	True (1)	3
Q8NEJ9	NGDN	Neuroguidin	GC		False	False	True	False	True (2)	2
Q9NX24	NHP2	H/ACA ribonucleoprotein complex subunit 2	FC/DFC	DFC	True	False	False	False	True (2)	2
Q9BYG3	NIFK	MKI67 FHA domain-interacting nucleolar phosphoprotein	GC	GC	True	True	False	True	True (1)	4
O15226	NKRF	NF-kappa-B-repressing factor	GC	GC	True	False	True	True	True (2)	4
Q9NVX2	NLE1	Notchless protein homolog 1	GC	GC	True	False	True	False	True (2)	3
Q96D46	NMD3	60S ribosomal export protein NMD3	GC		False	False	True	False	True (2)	2
Q9BVI4	NOC4L	Nucleolar complex protein 4 homolog	GC		False	False	True	False	True (2)	2
Q9BSC4	NOL10	Nucleolar protein 10	GC		False	False	True	True	True (4)	3
Q9H8H0	NOL11	Nucleolar protein 11	GC		False	False	True	True	True (1)	3
Q9H6R4	NOL6	Nucleolar protein 6	GC		False	True	False	True	True (1)	3
Q9UMY1	NOL7	U3 small nucleolar RNA-associated protein NOL7	GC		False	False	True	False	True (2)	2
Q76FK4	NOL8	Nucleolar protein 8	GC		False	False	True	True	True (1)	3
Q5SY16	NOL9	Polynucleotide 5'-hydroxyl-kinase NOL9	GC		False	False	True	True	True (1)	3
Q14978	NOLC1	Nucleolar and coiled-body phosphoprotein 1	FC/DFC	DFC	True	True	False	True	True (2)	4
Q5C9Z4	NOM1	Nucleolar MIF4G domain-containing protein 1	GC		False	True	False	True	True (1)	3
Q9NPE3	NOP10	H/ACA ribonucleoprotein complex subunit 3	FC/DFC	DFC	True	False	False	False	True (2)	2
P78316	NOP14	Nucleolar protein 14	GC		False	True	False	True	True (1)	3
Q9Y3C1	NOP16	Nucleolar protein 16	GC		False	True	False	True	True (2)	3
P46087	NOP2	28S rRNA (cytosine(4447)-C(5))-methyltransferase	GC	GC	True	True	False	True	True (2)	4
Q9NZM5	NOP53	Ribosome biogenesis protein NOP53	GC		False	False	True	True	True (2)	3
O00567	NOP56	Nucleolar protein 56	FC/DFC	DFC	True	True	False	True	True (2)	4
Q9Y2X3	NOP58	Nucleolar protein 58	FC/DFC	DFC	True	True	False	True	True (2)	4
P06748	NPM1	Nucleophosmin	GC	GC	True	True	False	True	True (5)	4
O75607	NPM3	Nucleoplasmin-3	GC		False	False	False	True	True (2)	2
O95478	NSA2	Ribosome biogenesis protein NSA2 homolog	GC	GC	True	True	False	False	True (2)	3
Q96P11	NSUN5	28S rRNA (cytosine-C(5))-methyltransferase	GC		False	True	False	False	True (2)	2
O15381	NVL	Nuclear valosin-containing protein-like	GC		False	True	False	True	True (2)	3
Q9NWT1	PAK1IP1	p21-activated protein kinase-interacting protein 1	GC		False	False	True	False	True (2)	2
Q9BRX2	PELO	Protein pelota homolog	GC	GC	True	False	False	False	True (2)	2
Q8IZL8	PELP1	Proline-, glutamic acid- and leucine-rich protein 1	GC		False	True	False	False	True (1)	2
O00541	PES1	Pescadillo homolog	GC	GC	True	True	False	True	True (2)	4
Q8IWS0	PHF6	PHD finger protein 6	GC		False	False	True	False	True (2)	2
Q96BK5	PINX1	PIN2/TERF1-interacting telomerase inhibitor 1	GC		False	False	True	True	True (2)	3
O43660	PLRG1	Pleiotropic regulator 1	FC/DFC		False	False	True	False	True (2)	2
Q96T60	PNKP	Bifunctional polynucleotide phosphatase/kinase	GC		False	False	True	False	True (1)	2
Q9NRX1	PNO1	RNA-binding protein PNO1	GC		False	False	True	False	True (1)	2
O95602	POLR1A	DNA-directed RNA polymerase I subunit RPA1	FC/DFC	FC	True	True	False	False	True (2)	3
Q9H9Y6	POLR1B	DNA-directed RNA polymerase I subunit RPA2	FC/DFC		False	False	True	False	True (1)	2
O15160	POLR1C	DNA-directed RNA polymerases I and III subunit RPAC1	FC/DFC	FC	True	False	True	False	True (2)	3
P0DPB6	POLR1D	DNA-directed RNA polymerases I and III subunit RPAC2	FC/DFC	FC	True	False	False	False	True (1)	2
Q9GZS1	POLR1E	DNA-directed RNA polymerase I subunit RPA49	FC/DFC	FC	True	False	True	False	True (2)	3
Q3B726	POLR1F	DNA-directed RNA polymerase I subunit RPA43	FC/DFC	FC	True	True	False	False	True (1)	3
O15446	POLR1G	DNA-directed RNA polymerase I subunit RPA34	FC/DFC		False	True	False	False	True (2)	2
Q9P1U0	POLR1H	DNA-directed RNA polymerase I subunit RPA12	FC/DFC	FC	True	False	True	False	True (1)	3
Q99575	POP1	Ribonucleases P/MRP protein subunit POP1	GC	GC	True	False	True	False	True (2)	3
O95707	POP4	Ribonuclease P protein subunit p29	GC		False	False	True	False	True (2)	2
O75817	POP7	Ribonuclease P protein subunit p20	GC		False	False	True	False	True (2)	2
P36873	PPP1CC	Serine/threonine-protein phosphatase PP1-gamma catalytic subunit	GC	GC	True	False	False	False	True (2)	2
Q96LA8	PRMT6	Protein arginine N-methyltransferase 6	GC		False	False	True	False	True (1)	2
Q8WXF1	PSPC1	Paraspeckle component 1	FC/DFC		False	True	False	False	True (1)	2
Q15397	PUM3	Pumilio homolog 3	GC		False	False	True	True	True (2)	3
Q15269	PWP2	Periodic tryptophan protein 2 homolog	GC	GC	True	False	True	True	True (2)	4
Q9BRP8	PYM1	Partner of Y14 and mago	GC		False	False	True	False	True (1)	2
P78406	RAE1	mRNA export factor RAE1	FC/DFC		False	False	True	False	True (2)	2
Q8N0T1	RBIS	Ribosomal biogenesis factor	GC		False	True	False	False	True (2)	2
Q96PK6	RBM14	RNA-binding protein 14	GC	GC	True	False	False	False	True (1)	2
Q9Y4C8	RBM19	Probable RNA-binding protein 19	GC		False	False	True	True	True (2)	3
Q9NW13	RBM28	RNA-binding protein 28	GC		False	True	False	True	True (2)	3
P42696	RBM34	RNA-binding protein 34	GC		False	False	True	True	True (2)	3
Q9BWF3	RBM4	RNA-binding protein 4	GC	GC	True	False	False	False	True (2)	2
Q9Y388	RBMX2	RNA-binding motif protein, X-linked 2	GC		False	False	True	True	False	2
Q8NG50	RDM1	RAD52 motif-containing protein 1	GC		False	False	True	False	True (1)	2
Q9GZR2	REXO4	RNA exonuclease 4	GC		False	False	True	True	True (1)	3
Q9H6W3	RIOX1	Ribosomal oxygenase 1	GC	GC	True	False	True	False	True (2)	3
Q8IUF8	RIOX2	Ribosomal oxygenase 2	GC		False	False	True	False	True (1)	2
Q9H9Y2	RPF1	Ribosome production factor 1	GC		False	False	True	False	True (1)	2
P78345	RPP38	Ribonuclease P protein subunit p38	GC		False	False	True	True	True (1)	3
Q86WX3	RPS19BP1	Active regulator of SIRT1	GC		False	False	True	False	True (2)	2
P56182	RRP1	Ribosomal RNA processing protein 1 homolog A	GC	GC	True	True	False	False	True (2)	3
Q5JTH9	RRP12	RRP12-like protein	GC		False	True	False	True	True (1)	3
Q14684	RRP1B	Ribosomal RNA processing protein 1 homolog B	GC	GC	True	True	False	True	True (2)	4
Q96EU6	RRP36	Ribosomal RNA processing protein 36 homolog	GC		False	True	False	True	True (1)	3
Q9Y3A4	RRP7A	Ribosomal RNA-processing protein 7 homolog A	GC		False	False	True	True	True (1)	3
O43159	RRP8	Ribosomal RNA-processing protein 8	GC		False	False	True	True	True (2)	3
O43818	RRP9	U3 small nucleolar RNA-interacting protein 2	FC/DFC	DFC	True	False	False	False	True (2)	2
Q15050	RRS1	Ribosome biogenesis regulatory protein homolog	GC		False	False	True	True	True (2)	3
O76021	RSL1D1	Ribosomal L1 domain-containing protein 1	GC	GC	True	False	True	True	True (1)	4
Q9BY42	RTF2	Replication termination factor 2	GC		False	False	True	False	True (2)	2
Q9HAJ7	SAP30L	Histone deacetylase complex subunit SAP30L	FC/DFC		False	False	True	False	True (1)	2
Q9NVU7	SDAD1	Protein SDA1 homolog	GC		False	False	True	True	True (2)	3
Q13228	SELENBP1	Methanethiol oxidase	GC	GC	True	False	True	False	False	2
Q9H4L4	SENP3	Sentrin-specific protease 3	GC	GC	True	False	True	True	True (2)	4
Q01105	SET	Protein SET	FC/DFC		False	False	False	True	True (1)	2
Q9NSI2	SLX9	Ribosome biogenesis protein SLX9 homolog	GC		False	False	True	False	True (2)	2
O60264	SMARCA5	SWI/SNF-related matrix-associated actin-dependent regulator of chromatin subfamily A member 5	FC/DFC		False	False	True	False	True (2)	2
O95347	SMC2	Structural maintenance of chromosomes protein 2	GC		False	False	True	False	True (2)	2
Q92540	SMG7	Nonsense-mediated mRNA decay factor SMG7	GC		False	False	True	False	True (1)	2
Q16533	SNAPC1	snRNA-activating protein complex subunit 1	GC		False	True	False	False	True (1)	2
P55769	SNU13	NHP2-like protein 1	FC/DFC	DFC	True	False	False	False	True (2)	2
Q9NUQ6	SPATS2L	SPATS2-like protein	GC		False	True	False	False	True (1)	2
Q68D10	SPTY2D1	Protein SPT2 homolog	GC		False	True	False	True	True (1)	3
P37108	SRP14	Signal recognition particle 14 kDa protein	GC	GC	True	False	False	False	True (2)	2
P05455	SSB	Lupus La protein	GC	GC	True	False	False	False	True (2)	2
Q08945	SSRP1	FACT complex subunit SSRP1	GC		False	False	True	False	True (2)	2
Q9UJ98	STAG3	Cohesin subunit SA-3	GC		False	False	True	False	True (1)	2
P53999	SUB1	Activated RNA polymerase II transcriptional coactivator p15	GC	GC	True	False	True	True	True (2)	4
P63165	SUMO1	Small ubiquitin-related modifier 1	GC	GC	True	False	True	False	True (1)	3
O75683	SURF6	Surfeit locus protein 6	GC	GC	True	True	False	True	True (2)	4
Q15572	TAF1C	TATA box-binding protein-associated factor RNA polymerase I subunit C	FC/DFC	FC	True	False	True	False	False	2
Q12788	TBL3	Transducin beta-like protein 3	GC	GC	True	True	False	True	True (1)	4
Q13428	TCOF1	Treacle protein	FC/DFC	FC	True	True	False	True	True (4)	4
Q9P016	THYN1	Thymocyte nuclear protein 1	GC	GC	True	False	True	False	True (1)	3
Q96EY4	TMA16	Translation machinery-associated protein 16	GC		False	True	False	False	True (2)	2
Q9Y2S6	TMA7	Translation machinery-associated protein 7	GC	GC	True	False	False	False	True (2)	2
P11387	TOP1	DNA topoisomerase 1	FC/DFC	FC	True	False	True	False	True (2)	3
P11388	TOP2A	DNA topoisomerase 2-alpha	GC		False	False	True	False	True (2)	2
Q02880	TOP2B	DNA topoisomerase 2-beta	GC	GC	True	False	False	True	True (2)	3
Q8WV44	TRIM41	E3 ubiquitin-protein ligase TRIM41	FC/DFC		False	False	True	False	True (1)	2
Q8TBZ6	TRMT10A	tRNA methyltransferase 10 homolog A	GC		False	False	True	False	True (1)	2
Q7Z2T5	TRMT1L	tRNA (guanine(27)-N(2))-dimethyltransferase	GC		False	False	False	True	True (1)	2
Q9H0U9	TSPYL1	Testis-specific Y-encoded-like protein 1	GC		False	False	True	False	True (2)	2
Q2NL82	TSR1	Pre-rRNA-processing protein TSR1 homolog	FC/DFC		False	False	False	True	True (1)	2
P63279	UBE2I	SUMO-conjugating enzyme UBC9	GC		False	False	True	False	True (1)	2
P17480	UBTF	Nucleolar transcription factor 1	FC/DFC	FC	True	True	False	True	True (2)	4
Q9BZI7	UPF3B	Regulator of nonsense transcripts 3B	GC		False	False	True	False	True (2)	2
Q9Y3A2	UTP11	Probable U3 small nucleolar RNA-associated protein 11	GC		False	False	True	False	True (2)	2
Q9BVJ6	UTP14A	U3 small nucleolar RNA-associated protein 14 homolog A	GC		False	False	True	True	True (1)	3
Q8TED0	UTP15	U3 small nucleolar RNA-associated protein 15 homolog	GC		False	False	True	False	True (1)	2
O75691	UTP20	Small subunit processome component 20 homolog	GC		False	False	True	True	True (1)	3
Q9NQZ2	UTP3	Something about silencing protein 10	GC		False	False	True	True	True (2)	3
Q969X6	UTP4	U3 small nucleolar RNA-associated protein 4 homolog	GC	GC	True	False	True	False	True (2)	3
Q9NYH9	UTP6	U3 small nucleolar RNA-associated protein 6 homolog	GC	GC	True	True	False	False	True (2)	3
Q9UNX4	WDR3	WD repeat-containing protein 3	GC		False	True	False	True	True (2)	3
Q8NI36	WDR36	WD repeat-containing protein 36	GC		False	False	True	True	True (2)	3
Q15061	WDR43	WD repeat-containing protein 43	FC/DFC		False	False	False	True	True (2)	2
O15213	WDR46	WD repeat-containing protein 46	GC		False	False	True	False	True (2)	2
Q9H6Y2	WDR55	WD repeat-containing protein 55	GC		False	True	False	False	True (1)	2
Q6RFH5	WDR74	WD repeat-containing protein 74	GC		False	False	True	False	True (1)	2
O14980	XPO1	Exportin-1	GC	GC	True	False	False	False	True (2)	2
P12956	XRCC6	DNA repair protein Ku70	GC	GC	True	False	False	False	True (2)	2
Q9H0D6	XRN2	5'-3' exoribonuclease 2	GC		False	True	False	False	True (2)	2
P25490	YY1	Transcriptional repressor protein YY1	FC/DFC		False	False	True	False	True (1)	2
Q8N3Z6	ZCCHC7	Zinc finger CCHC domain-containing protein 7	GC		False	True	False	False	True (1)	2
Q8N567	ZCCHC9	Zinc finger CCHC domain-containing protein 9	GC		False	False	True	False	True (1)	2
Q9Y3S2	ZNF330	Zinc finger protein 330	GC		False	False	True	False	True (1)	2
Q969S3	ZNF622	Cytoplasmic 60S subunit biogenesis factor ZNF622	GC		False	False	True	False	True (2)	2
Q9BU19	ZNF692	Zinc finger protein 692	GC		False	True	False	False	True (1)	2
Q7L3S4	ZNF771	Zinc finger protein 771	GC	GC	True	True	False	False	False	2
